task,stat,p,h
2,0.8499143133700853,0.3953727271563552,0
4,3.6704172265319417,0.00012107743940814597,1
18,0.6972675923592164,1.56156733099877e-08,1
