task,stat,p,h
14,0.08028590778543081,0.6966281966470536,0
18,0.6972675923592164,1.56156733099877e-08,1
9,0.46153846153846156,0.1258312151565515,0
