mt_s,mt_p,mt_h,vt_s,vt_p,vt_h
3281.0,0.9946527970806632,0,3125.0,0.44521187272454654,0
