R,s_R,p,left,right
0.6543145485397874,0.002423318749008258,0.025431770734484722,0.022157466292440878,0.028706075176528567
