task,stat,p,h
6,0.7380957840150532,0.0016793308942941731,3
19,-0.06740653593362897,0.8041065958627895,0
21,0.2575573777696812,0.0024220496764277843,3
