task,stat,p,h
6,0.7380957840150532,0.0016793308942941731,3
21,0.2575573777696812,0.001841065226333205,3
22,0.03669879217087869,0.5724339297076471,0
