mt_s,mt_p,mt_h,vt_s,vt_p,vt_h
3602.0,0.021208364245730117,1,3466.0,0.002178574317640125,1
